client,rank_grouping,total_in_rank,sites_with_a11y_tech,pct_sites_with_a11y_tech
desktop,1000,771,3,0.0038910505836575876
desktop,10000,8077,74,0.009161817506499938
desktop,100000,87148,1050,0.012048469270665994
desktop,1000000,904524,12469,0.013785151084990559
desktop,10000000,5431533,84616,0.015578658916368546
mobile,1000,929,3,0.0032292787944025836
mobile,10000,9408,71,0.007546768707482993
mobile,100000,91596,997,0.01088475479278571
mobile,1000000,950778,12300,0.01293677388412437
mobile,10000000,7909918,95429,0.012064473993282863
